Zip Code;County
ZIP Code 00501;Suffolk
ZIP Code 00544;Suffolk
ZIP Code 06390;Suffolk
ZIP Code 10001;New York
ZIP Code 10002;New York
ZIP Code 10003;New York
ZIP Code 10004;New York
ZIP Code 10005;New York
ZIP Code 10006;New York
ZIP Code 10007;New York
ZIP Code 10008;New York
ZIP Code 10009;New York
ZIP Code 10010;New York
ZIP Code 10011;New York
ZIP Code 10012;New York
ZIP Code 10013;New York
ZIP Code 10014;New York
ZIP Code 10016;New York
ZIP Code 10017;New York
ZIP Code 10018;New York
ZIP Code 10019;New York
ZIP Code 10020;New York
ZIP Code 10021;New York
ZIP Code 10022;New York
ZIP Code 10023;New York
ZIP Code 10024;New York
ZIP Code 10025;New York
ZIP Code 10026;New York
ZIP Code 10027;New York
ZIP Code 10028;New York
ZIP Code 10029;New York
ZIP Code 10030;New York
ZIP Code 10031;New York
ZIP Code 10032;New York
ZIP Code 10033;New York
ZIP Code 10034;New York
ZIP Code 10035;New York
ZIP Code 10036;New York
ZIP Code 10037;New York
ZIP Code 10038;New York
ZIP Code 10039;New York
ZIP Code 10040;New York
ZIP Code 10041;New York
ZIP Code 10043;New York
ZIP Code 10044;New York
ZIP Code 10045;New York
ZIP Code 10055;New York
ZIP Code 10060;New York
ZIP Code 10065;New York
ZIP Code 10069;New York
ZIP Code 10075;New York
ZIP Code 10080;New York
ZIP Code 10081;New York
ZIP Code 10087;New York
ZIP Code 10090;New York
ZIP Code 10101;New York
ZIP Code 10102;New York
ZIP Code 10103;New York
ZIP Code 10104;New York
ZIP Code 10105;New York
ZIP Code 10106;New York
ZIP Code 10107;New York
ZIP Code 10108;New York
ZIP Code 10109;New York
ZIP Code 10110;New York
ZIP Code 10111;New York
ZIP Code 10112;New York
ZIP Code 10113;New York
ZIP Code 10114;New York
ZIP Code 10115;New York
ZIP Code 10116;New York
ZIP Code 10117;New York
ZIP Code 10118;New York
ZIP Code 10119;New York
ZIP Code 10120;New York
ZIP Code 10121;New York
ZIP Code 10122;New York
ZIP Code 10123;New York
ZIP Code 10124;New York
ZIP Code 10125;New York
ZIP Code 10126;New York
ZIP Code 10128;New York
ZIP Code 10129;New York
ZIP Code 10130;New York
ZIP Code 10131;New York
ZIP Code 10132;New York
ZIP Code 10133;New York
ZIP Code 10138;New York
ZIP Code 10150;New York
ZIP Code 10151;New York
ZIP Code 10152;New York
ZIP Code 10153;New York
ZIP Code 10154;New York
ZIP Code 10155;New York
ZIP Code 10156;New York
ZIP Code 10157;New York
ZIP Code 10158;New York
ZIP Code 10159;New York
ZIP Code 10160;New York
ZIP Code 10162;New York
ZIP Code 10163;New York
ZIP Code 10164;New York
ZIP Code 10165;New York
ZIP Code 10166;New York
ZIP Code 10167;New York
ZIP Code 10168;New York
ZIP Code 10169;New York
ZIP Code 10170;New York
ZIP Code 10171;New York
ZIP Code 10172;New York
ZIP Code 10173;New York
ZIP Code 10174;New York
ZIP Code 10175;New York
ZIP Code 10176;New York
ZIP Code 10177;New York
ZIP Code 10178;New York
ZIP Code 10179;New York
ZIP Code 10185;New York
ZIP Code 10199;New York
ZIP Code 10203;New York
ZIP Code 10211;New York
ZIP Code 10212;New York
ZIP Code 10213;New York
ZIP Code 10242;New York
ZIP Code 10249;New York
ZIP Code 10256;New York
ZIP Code 10258;New York
ZIP Code 10259;New York
ZIP Code 10260;New York
ZIP Code 10261;New York
ZIP Code 10265;New York
ZIP Code 10268;New York
ZIP Code 10269;New York
ZIP Code 10270;New York
ZIP Code 10271;New York
ZIP Code 10272;New York
ZIP Code 10273;New York
ZIP Code 10274;New York
ZIP Code 10275;New York
ZIP Code 10276;New York
ZIP Code 10277;New York
ZIP Code 10278;New York
ZIP Code 10279;New York
ZIP Code 10280;New York
ZIP Code 10281;New York
ZIP Code 10282;New York
ZIP Code 10285;New York
ZIP Code 10286;New York
ZIP Code 10301;Richmond
ZIP Code 10302;Richmond
ZIP Code 10303;Richmond
ZIP Code 10304;Richmond
ZIP Code 10305;Richmond
ZIP Code 10306;Richmond
ZIP Code 10307;Richmond
ZIP Code 10308;Richmond
ZIP Code 10309;Richmond
ZIP Code 10310;Richmond
ZIP Code 10311;Richmond
ZIP Code 10312;Richmond
ZIP Code 10313;Richmond
ZIP Code 10314;Richmond
ZIP Code 10451;Bronx
ZIP Code 10452;Bronx
ZIP Code 10453;Bronx
ZIP Code 10454;Bronx
ZIP Code 10455;Bronx
ZIP Code 10456;Bronx
ZIP Code 10457;Bronx
ZIP Code 10458;Bronx
ZIP Code 10459;Bronx
ZIP Code 10460;Bronx
ZIP Code 10461;Bronx
ZIP Code 10462;Bronx
ZIP Code 10463;Bronx
ZIP Code 10464;Bronx
ZIP Code 10465;Bronx
ZIP Code 10466;Bronx
ZIP Code 10467;Bronx
ZIP Code 10468;Bronx
ZIP Code 10469;Bronx
ZIP Code 10470;Bronx
ZIP Code 10471;Bronx
ZIP Code 10472;Bronx
ZIP Code 10473;Bronx
ZIP Code 10474;Bronx
ZIP Code 10475;Bronx
ZIP Code 10501;Westchester
ZIP Code 10502;Westchester
ZIP Code 10503;Westchester
ZIP Code 10504;Westchester
ZIP Code 10505;Westchester
ZIP Code 10506;Westchester
ZIP Code 10507;Westchester
ZIP Code 10509;Putnam
ZIP Code 10510;Westchester
ZIP Code 10511;Westchester
ZIP Code 10512;Putnam
ZIP Code 10514;Westchester
ZIP Code 10516;Putnam
ZIP Code 10517;Westchester
ZIP Code 10518;Westchester
ZIP Code 10519;Westchester
ZIP Code 10520;Westchester
ZIP Code 10521;Westchester
ZIP Code 10522;Westchester
ZIP Code 10523;Westchester
ZIP Code 10524;Putnam
ZIP Code 10526;Westchester
ZIP Code 10527;Westchester
ZIP Code 10528;Westchester
ZIP Code 10530;Westchester
ZIP Code 10532;Westchester
ZIP Code 10533;Westchester
ZIP Code 10535;Westchester
ZIP Code 10536;Westchester
ZIP Code 10537;Putnam
ZIP Code 10538;Westchester
ZIP Code 10540;Westchester
ZIP Code 10541;Putnam
ZIP Code 10542;Putnam
ZIP Code 10543;Westchester
ZIP Code 10545;Westchester
ZIP Code 10546;Westchester
ZIP Code 10547;Westchester
ZIP Code 10548;Westchester
ZIP Code 10549;Westchester
ZIP Code 10550;Westchester
ZIP Code 10551;Westchester
ZIP Code 10552;Westchester
ZIP Code 10553;Westchester
ZIP Code 10560;Westchester
ZIP Code 10562;Westchester
ZIP Code 10566;Westchester
ZIP Code 10567;Westchester
ZIP Code 10570;Westchester
ZIP Code 10573;Westchester
ZIP Code 10576;Westchester
ZIP Code 10577;Westchester
ZIP Code 10578;Westchester
ZIP Code 10579;Putnam
ZIP Code 10580;Westchester
ZIP Code 10583;Westchester
ZIP Code 10587;Westchester
ZIP Code 10588;Westchester
ZIP Code 10589;Westchester
ZIP Code 10590;Westchester
ZIP Code 10591;Westchester
ZIP Code 10594;Westchester
ZIP Code 10595;Westchester
ZIP Code 10596;Westchester
ZIP Code 10597;Westchester
ZIP Code 10598;Westchester
ZIP Code 10601;Westchester
ZIP Code 10602;Westchester
ZIP Code 10603;Westchester
ZIP Code 10604;Westchester
ZIP Code 10605;Westchester
ZIP Code 10606;Westchester
ZIP Code 10607;Westchester
ZIP Code 10610;Westchester
ZIP Code 10701;Westchester
ZIP Code 10702;Westchester
ZIP Code 10703;Westchester
ZIP Code 10704;Westchester
ZIP Code 10705;Westchester
ZIP Code 10706;Westchester
ZIP Code 10707;Westchester
ZIP Code 10708;Westchester
ZIP Code 10709;Westchester
ZIP Code 10710;Westchester
ZIP Code 10801;Westchester
ZIP Code 10802;Westchester
ZIP Code 10803;Westchester
ZIP Code 10804;Westchester
ZIP Code 10805;Westchester
ZIP Code 10901;Rockland
ZIP Code 10910;Orange
ZIP Code 10911;Rockland
ZIP Code 10912;Orange
ZIP Code 10913;Rockland
ZIP Code 10914;Orange
ZIP Code 10915;Orange
ZIP Code 10916;Orange
ZIP Code 10917;Orange
ZIP Code 10918;Orange
ZIP Code 10919;Orange
ZIP Code 10920;Rockland
ZIP Code 10921;Orange
ZIP Code 10922;Orange
ZIP Code 10923;Rockland
ZIP Code 10924;Orange
ZIP Code 10925;Orange
ZIP Code 10926;Orange
ZIP Code 10927;Rockland
ZIP Code 10928;Orange
ZIP Code 10930;Orange
ZIP Code 10931;Rockland
ZIP Code 10932;Orange
ZIP Code 10933;Orange
ZIP Code 10940;Orange
ZIP Code 10941;Orange
ZIP Code 10949;Orange
ZIP Code 10950;Orange
ZIP Code 10952;Rockland
ZIP Code 10953;Orange
ZIP Code 10954;Rockland
ZIP Code 10956;Rockland
ZIP Code 10958;Orange
ZIP Code 10959;Orange
ZIP Code 10960;Rockland
ZIP Code 10962;Rockland
ZIP Code 10963;Orange
ZIP Code 10964;Rockland
ZIP Code 10965;Rockland
ZIP Code 10968;Rockland
ZIP Code 10969;Orange
ZIP Code 10970;Rockland
ZIP Code 10973;Orange
ZIP Code 10974;Rockland
ZIP Code 10975;Orange
ZIP Code 10976;Rockland
ZIP Code 10977;Rockland
ZIP Code 10979;Orange
ZIP Code 10980;Rockland
ZIP Code 10981;Orange
ZIP Code 10982;Rockland
ZIP Code 10983;Rockland
ZIP Code 10984;Rockland
ZIP Code 10985;Orange
ZIP Code 10986;Rockland
ZIP Code 10987;Orange
ZIP Code 10988;Orange
ZIP Code 10989;Rockland
ZIP Code 10990;Orange
ZIP Code 10992;Orange
ZIP Code 10993;Rockland
ZIP Code 10994;Rockland
ZIP Code 10996;Orange
ZIP Code 10997;Orange
ZIP Code 10998;Orange
ZIP Code 11001;Nassau
ZIP Code 11002;Nassau
ZIP Code 11003;Nassau
ZIP Code 11004;Queens
ZIP Code 11005;Queens
ZIP Code 11010;Nassau
ZIP Code 11020;Nassau
ZIP Code 11021;Nassau
ZIP Code 11022;Nassau
ZIP Code 11023;Nassau
ZIP Code 11024;Nassau
ZIP Code 11030;Nassau
ZIP Code 11040;Nassau
ZIP Code 11042;Nassau
ZIP Code 11050;Nassau
ZIP Code 11051;Nassau
ZIP Code 11052;Nassau
ZIP Code 11096;Nassau
ZIP Code 11101;Queens
ZIP Code 11102;Queens
ZIP Code 11103;Queens
ZIP Code 11104;Queens
ZIP Code 11105;Queens
ZIP Code 11106;Queens
ZIP Code 11109;Queens
ZIP Code 11120;Queens
ZIP Code 11201;Kings
ZIP Code 11202;Kings
ZIP Code 11203;Kings
ZIP Code 11204;Kings
ZIP Code 11205;Kings
ZIP Code 11206;Kings
ZIP Code 11207;Kings
ZIP Code 11208;Kings
ZIP Code 11209;Kings
ZIP Code 11210;Kings
ZIP Code 11211;Kings
ZIP Code 11212;Kings
ZIP Code 11213;Kings
ZIP Code 11214;Kings
ZIP Code 11215;Kings
ZIP Code 11216;Kings
ZIP Code 11217;Kings
ZIP Code 11218;Kings
ZIP Code 11219;Kings
ZIP Code 11220;Kings
ZIP Code 11221;Kings
ZIP Code 11222;Kings
ZIP Code 11223;Kings
ZIP Code 11224;Kings
ZIP Code 11225;Kings
ZIP Code 11226;Kings
ZIP Code 11228;Kings
ZIP Code 11229;Kings
ZIP Code 11230;Kings
ZIP Code 11231;Kings
ZIP Code 11232;Kings
ZIP Code 11233;Kings
ZIP Code 11234;Kings
ZIP Code 11235;Kings
ZIP Code 11236;Kings
ZIP Code 11237;Kings
ZIP Code 11238;Kings
ZIP Code 11239;Kings
ZIP Code 11241;Kings
ZIP Code 11242;Kings
ZIP Code 11243;Kings
ZIP Code 11245;Kings
ZIP Code 11247;Kings
ZIP Code 11249;Kings
ZIP Code 11251;Kings
ZIP Code 11252;Kings
ZIP Code 11256;Kings
ZIP Code 11351;Queens
ZIP Code 11352;Queens
ZIP Code 11354;Queens
ZIP Code 11355;Queens
ZIP Code 11356;Queens
ZIP Code 11357;Queens
ZIP Code 11358;Queens
ZIP Code 11359;Queens
ZIP Code 11360;Queens
ZIP Code 11361;Queens
ZIP Code 11362;Queens
ZIP Code 11363;Queens
ZIP Code 11364;Queens
ZIP Code 11365;Queens
ZIP Code 11366;Queens
ZIP Code 11367;Queens
ZIP Code 11368;Queens
ZIP Code 11369;Queens
ZIP Code 11370;Queens
ZIP Code 11371;Queens
ZIP Code 11372;Queens
ZIP Code 11373;Queens
ZIP Code 11374;Queens
ZIP Code 11375;Queens
ZIP Code 11377;Queens
ZIP Code 11378;Queens
ZIP Code 11379;Queens
ZIP Code 11380;Queens
ZIP Code 11385;Queens
ZIP Code 11386;Queens
ZIP Code 11405;Queens
ZIP Code 11411;Queens
ZIP Code 11412;Queens
ZIP Code 11413;Queens
ZIP Code 11414;Queens
ZIP Code 11415;Queens
ZIP Code 11416;Queens
ZIP Code 11417;Queens
ZIP Code 11418;Queens
ZIP Code 11419;Queens
ZIP Code 11420;Queens
ZIP Code 11421;Queens
ZIP Code 11422;Queens
ZIP Code 11423;Queens
ZIP Code 11424;Queens
ZIP Code 11425;Queens
ZIP Code 11426;Queens
ZIP Code 11427;Queens
ZIP Code 11428;Queens
ZIP Code 11429;Queens
ZIP Code 11430;Queens
ZIP Code 11431;Queens
ZIP Code 11432;Queens
ZIP Code 11433;Queens
ZIP Code 11434;Queens
ZIP Code 11435;Queens
ZIP Code 11436;Queens
ZIP Code 11437;Queens
ZIP Code 11439;Queens
ZIP Code 11451;Queens
ZIP Code 11499;Queens
ZIP Code 11501;Nassau
ZIP Code 11507;Nassau
ZIP Code 11509;Nassau
ZIP Code 11510;Nassau
ZIP Code 11514;Nassau
ZIP Code 11516;Nassau
ZIP Code 11518;Nassau
ZIP Code 11520;Nassau
ZIP Code 11530;Nassau
ZIP Code 11531;Nassau
ZIP Code 11542;Nassau
ZIP Code 11545;Nassau
ZIP Code 11547;Nassau
ZIP Code 11548;Nassau
ZIP Code 11549;Nassau
ZIP Code 11550;Nassau
ZIP Code 11551;Nassau
ZIP Code 11552;Nassau
ZIP Code 11553;Nassau
ZIP Code 11554;Nassau
ZIP Code 11555;Nassau
ZIP Code 11556;Nassau
ZIP Code 11557;Nassau
ZIP Code 11558;Nassau
ZIP Code 11559;Nassau
ZIP Code 11560;Nassau
ZIP Code 11561;Nassau
ZIP Code 11563;Nassau
ZIP Code 11565;Nassau
ZIP Code 11566;Nassau
ZIP Code 11568;Nassau
ZIP Code 11569;Nassau
ZIP Code 11570;Nassau
ZIP Code 11571;Nassau
ZIP Code 11572;Nassau
ZIP Code 11575;Nassau
ZIP Code 11576;Nassau
ZIP Code 11577;Nassau
ZIP Code 11579;Nassau
ZIP Code 11580;Nassau
ZIP Code 11581;Nassau
ZIP Code 11582;Nassau
ZIP Code 11590;Nassau
ZIP Code 11596;Nassau
ZIP Code 11598;Nassau
ZIP Code 11599;Nassau
ZIP Code 11690;Queens
ZIP Code 11691;Queens
ZIP Code 11692;Queens
ZIP Code 11693;Queens
ZIP Code 11694;Queens
ZIP Code 11695;Queens
ZIP Code 11697;Queens
ZIP Code 11701;Suffolk
ZIP Code 11702;Suffolk
ZIP Code 11703;Suffolk
ZIP Code 11704;Suffolk
ZIP Code 11705;Suffolk
ZIP Code 11706;Suffolk
ZIP Code 11707;Suffolk
ZIP Code 11709;Nassau
ZIP Code 11710;Nassau
ZIP Code 11713;Suffolk
ZIP Code 11714;Nassau
ZIP Code 11715;Suffolk
ZIP Code 11716;Suffolk
ZIP Code 11717;Suffolk
ZIP Code 11718;Suffolk
ZIP Code 11719;Suffolk
ZIP Code 11720;Suffolk
ZIP Code 11721;Suffolk
ZIP Code 11722;Suffolk
ZIP Code 11724;Suffolk
ZIP Code 11725;Suffolk
ZIP Code 11726;Suffolk
ZIP Code 11727;Suffolk
ZIP Code 11729;Suffolk
ZIP Code 11730;Suffolk
ZIP Code 11731;Suffolk
ZIP Code 11732;Nassau
ZIP Code 11733;Suffolk
ZIP Code 11735;Nassau
ZIP Code 11737;Nassau
ZIP Code 11738;Suffolk
ZIP Code 11739;Suffolk
ZIP Code 11740;Suffolk
ZIP Code 11741;Suffolk
ZIP Code 11742;Suffolk
ZIP Code 11743;Suffolk
ZIP Code 11746;Suffolk
ZIP Code 11747;Suffolk
ZIP Code 11749;Suffolk
ZIP Code 11751;Suffolk
ZIP Code 11752;Suffolk
ZIP Code 11753;Nassau
ZIP Code 11754;Suffolk
ZIP Code 11755;Suffolk
ZIP Code 11756;Nassau
ZIP Code 11757;Suffolk
ZIP Code 11758;Nassau
ZIP Code 11760;Suffolk
ZIP Code 11762;Nassau
ZIP Code 11763;Suffolk
ZIP Code 11764;Suffolk
ZIP Code 11765;Nassau
ZIP Code 11766;Suffolk
ZIP Code 11767;Suffolk
ZIP Code 11768;Suffolk
ZIP Code 11769;Suffolk
ZIP Code 11770;Suffolk
ZIP Code 11771;Nassau
ZIP Code 11772;Suffolk
ZIP Code 11773;Suffolk
ZIP Code 11775;Suffolk
ZIP Code 11776;Suffolk
ZIP Code 11777;Suffolk
ZIP Code 11778;Suffolk
ZIP Code 11779;Suffolk
ZIP Code 11780;Suffolk
ZIP Code 11782;Suffolk
ZIP Code 11783;Nassau
ZIP Code 11784;Suffolk
ZIP Code 11786;Suffolk
ZIP Code 11787;Suffolk
ZIP Code 11788;Suffolk
ZIP Code 11789;Suffolk
ZIP Code 11790;Suffolk
ZIP Code 11791;Nassau
ZIP Code 11792;Suffolk
ZIP Code 11793;Nassau
ZIP Code 11794;Suffolk
ZIP Code 11795;Suffolk
ZIP Code 11796;Suffolk
ZIP Code 11797;Nassau
ZIP Code 11798;Suffolk
ZIP Code 11801;Nassau
ZIP Code 11802;Nassau
ZIP Code 11803;Nassau
ZIP Code 11804;Nassau
ZIP Code 11805;Nassau
ZIP Code 11815;Nassau
ZIP Code 11853;Nassau
ZIP Code 11901;Suffolk
ZIP Code 11930;Suffolk
ZIP Code 11931;Suffolk
ZIP Code 11932;Suffolk
ZIP Code 11933;Suffolk
ZIP Code 11934;Suffolk
ZIP Code 11935;Suffolk
ZIP Code 11937;Suffolk
ZIP Code 11939;Suffolk
ZIP Code 11940;Suffolk
ZIP Code 11941;Suffolk
ZIP Code 11942;Suffolk
ZIP Code 11944;Suffolk
ZIP Code 11946;Suffolk
ZIP Code 11947;Suffolk
ZIP Code 11948;Suffolk
ZIP Code 11949;Suffolk
ZIP Code 11950;Suffolk
ZIP Code 11951;Suffolk
ZIP Code 11952;Suffolk
ZIP Code 11953;Suffolk
ZIP Code 11954;Suffolk
ZIP Code 11955;Suffolk
ZIP Code 11956;Suffolk
ZIP Code 11957;Suffolk
ZIP Code 11958;Suffolk
ZIP Code 11959;Suffolk
ZIP Code 11960;Suffolk
ZIP Code 11961;Suffolk
ZIP Code 11962;Suffolk
ZIP Code 11963;Suffolk
ZIP Code 11964;Suffolk
ZIP Code 11965;Suffolk
ZIP Code 11967;Suffolk
ZIP Code 11968;Suffolk
ZIP Code 11969;Suffolk
ZIP Code 11970;Suffolk
ZIP Code 11971;Suffolk
ZIP Code 11972;Suffolk
ZIP Code 11973;Suffolk
ZIP Code 11975;Suffolk
ZIP Code 11976;Suffolk
ZIP Code 11977;Suffolk
ZIP Code 11978;Suffolk
ZIP Code 11980;Suffolk
ZIP Code 12007;Albany
ZIP Code 12008;Schenectady
ZIP Code 12009;Albany
ZIP Code 12010;Montgomery
ZIP Code 12015;Greene
ZIP Code 12016;Montgomery
ZIP Code 12017;Columbia
ZIP Code 12018;Rensselaer
ZIP Code 12019;Saratoga
ZIP Code 12020;Saratoga
ZIP Code 12022;Rensselaer
ZIP Code 12023;Albany
ZIP Code 12024;Rensselaer
ZIP Code 12025;Fulton
ZIP Code 12027;Saratoga
ZIP Code 12028;Washington
ZIP Code 12029;Columbia
ZIP Code 12031;Schoharie
ZIP Code 12032;Fulton
ZIP Code 12033;Rensselaer
ZIP Code 12035;Schoharie
ZIP Code 12036;Schoharie
ZIP Code 12037;Columbia
ZIP Code 12040;Rensselaer
ZIP Code 12041;Albany
ZIP Code 12042;Greene
ZIP Code 12043;Schoharie
ZIP Code 12045;Albany
ZIP Code 12046;Albany
ZIP Code 12047;Albany
ZIP Code 12050;Columbia
ZIP Code 12051;Greene
ZIP Code 12052;Rensselaer
ZIP Code 12053;Schenectady
ZIP Code 12054;Albany
ZIP Code 12055;Albany
ZIP Code 12056;Schenectady
ZIP Code 12057;Rensselaer
ZIP Code 12058;Greene
ZIP Code 12059;Albany
ZIP Code 12060;Columbia
ZIP Code 12061;Rensselaer
ZIP Code 12062;Rensselaer
ZIP Code 12063;Rensselaer
ZIP Code 12064;Otsego
ZIP Code 12065;Saratoga
ZIP Code 12066;Montgomery
ZIP Code 12067;Albany
ZIP Code 12068;Montgomery
ZIP Code 12069;Montgomery
ZIP Code 12070;Montgomery
ZIP Code 12071;Schoharie
ZIP Code 12072;Montgomery
ZIP Code 12073;Schoharie
ZIP Code 12074;Saratoga
ZIP Code 12075;Columbia
ZIP Code 12076;Schoharie
ZIP Code 12077;Albany
ZIP Code 12078;Fulton
ZIP Code 12082;Rensselaer
ZIP Code 12083;Greene
ZIP Code 12084;Albany
ZIP Code 12085;Albany
ZIP Code 12086;Montgomery
ZIP Code 12087;Greene
ZIP Code 12089;Rensselaer
ZIP Code 12090;Rensselaer
ZIP Code 12092;Schoharie
ZIP Code 12093;Schoharie
ZIP Code 12094;Rensselaer
ZIP Code 12095;Fulton
ZIP Code 12106;Columbia
ZIP Code 12107;Albany
ZIP Code 12108;Hamilton
ZIP Code 12110;Albany
ZIP Code 12115;Columbia
ZIP Code 12116;Otsego
ZIP Code 12117;Fulton
ZIP Code 12118;Saratoga
ZIP Code 12120;Albany
ZIP Code 12121;Rensselaer
ZIP Code 12122;Schoharie
ZIP Code 12123;Rensselaer
ZIP Code 12124;Greene
ZIP Code 12125;Columbia
ZIP Code 12128;Albany
ZIP Code 12130;Columbia
ZIP Code 12131;Schoharie
ZIP Code 12132;Columbia
ZIP Code 12133;Rensselaer
ZIP Code 12134;Fulton
ZIP Code 12136;Columbia
ZIP Code 12137;Schenectady
ZIP Code 12138;Rensselaer
ZIP Code 12139;Hamilton
ZIP Code 12140;Rensselaer
ZIP Code 12141;Schenectady
ZIP Code 12143;Albany
ZIP Code 12144;Rensselaer
ZIP Code 12147;Albany
ZIP Code 12148;Saratoga
ZIP Code 12149;Schoharie
ZIP Code 12150;Schenectady
ZIP Code 12151;Saratoga
ZIP Code 12153;Rensselaer
ZIP Code 12154;Rensselaer
ZIP Code 12155;Otsego
ZIP Code 12156;Rensselaer
ZIP Code 12157;Schoharie
ZIP Code 12158;Albany
ZIP Code 12159;Albany
ZIP Code 12160;Schoharie
ZIP Code 12161;Albany
ZIP Code 12164;Hamilton
ZIP Code 12165;Columbia
ZIP Code 12166;Montgomery
ZIP Code 12167;Delaware
ZIP Code 12168;Rensselaer
ZIP Code 12169;Rensselaer
ZIP Code 12170;Saratoga
ZIP Code 12172;Columbia
ZIP Code 12173;Columbia
ZIP Code 12174;Columbia
ZIP Code 12175;Schoharie
ZIP Code 12176;Greene
ZIP Code 12177;Montgomery
ZIP Code 12180;Rensselaer
ZIP Code 12181;Rensselaer
ZIP Code 12182;Rensselaer
ZIP Code 12183;Albany
ZIP Code 12184;Columbia
ZIP Code 12185;Rensselaer
ZIP Code 12186;Albany
ZIP Code 12187;Schoharie
ZIP Code 12188;Saratoga
ZIP Code 12189;Albany
ZIP Code 12190;Hamilton
ZIP Code 12192;Greene
ZIP Code 12193;Albany
ZIP Code 12194;Schoharie
ZIP Code 12195;Columbia
ZIP Code 12196;Rensselaer
ZIP Code 12197;Otsego
ZIP Code 12198;Rensselaer
ZIP Code 12201;Albany
ZIP Code 12202;Albany
ZIP Code 12203;Albany
ZIP Code 12204;Albany
ZIP Code 12205;Albany
ZIP Code 12206;Albany
ZIP Code 12207;Albany
ZIP Code 12208;Albany
ZIP Code 12209;Albany
ZIP Code 12210;Albany
ZIP Code 12211;Albany
ZIP Code 12212;Albany
ZIP Code 12214;Albany
ZIP Code 12220;Albany
ZIP Code 12222;Albany
ZIP Code 12223;Albany
ZIP Code 12224;Albany
ZIP Code 12225;Albany
ZIP Code 12226;Albany
ZIP Code 12227;Albany
ZIP Code 12228;Albany
ZIP Code 12229;Albany
ZIP Code 12230;Albany
ZIP Code 12231;Albany
ZIP Code 12232;Albany
ZIP Code 12233;Albany
ZIP Code 12234;Albany
ZIP Code 12235;Albany
ZIP Code 12236;Albany
ZIP Code 12237;Albany
ZIP Code 12238;Albany
ZIP Code 12239;Albany
ZIP Code 12240;Albany
ZIP Code 12241;Albany
ZIP Code 12242;Albany
ZIP Code 12243;Albany
ZIP Code 12244;Albany
ZIP Code 12245;Albany
ZIP Code 12246;Albany
ZIP Code 12247;Albany
ZIP Code 12248;Albany
ZIP Code 12249;Albany
ZIP Code 12250;Albany
ZIP Code 12255;Albany
ZIP Code 12257;Albany
ZIP Code 12260;Albany
ZIP Code 12261;Albany
ZIP Code 12288;Albany
ZIP Code 12301;Schenectady
ZIP Code 12302;Schenectady
ZIP Code 12303;Schenectady
ZIP Code 12304;Schenectady
ZIP Code 12305;Schenectady
ZIP Code 12306;Schenectady
ZIP Code 12307;Schenectady
ZIP Code 12308;Schenectady
ZIP Code 12309;Schenectady
ZIP Code 12325;Schenectady
ZIP Code 12345;Schenectady
ZIP Code 12401;Ulster
ZIP Code 12402;Ulster
ZIP Code 12404;Ulster
ZIP Code 12405;Greene
ZIP Code 12406;Delaware
ZIP Code 12407;Greene
ZIP Code 12409;Ulster
ZIP Code 12410;Ulster
ZIP Code 12411;Ulster
ZIP Code 12412;Ulster
ZIP Code 12413;Greene
ZIP Code 12414;Greene
ZIP Code 12416;Ulster
ZIP Code 12417;Ulster
ZIP Code 12418;Greene
ZIP Code 12419;Ulster
ZIP Code 12420;Ulster
ZIP Code 12421;Delaware
ZIP Code 12422;Greene
ZIP Code 12423;Greene
ZIP Code 12424;Greene
ZIP Code 12427;Greene
ZIP Code 12428;Ulster
ZIP Code 12429;Ulster
ZIP Code 12430;Delaware
ZIP Code 12431;Greene
ZIP Code 12432;Ulster
ZIP Code 12433;Ulster
ZIP Code 12434;Delaware
ZIP Code 12435;Ulster
ZIP Code 12436;Greene
ZIP Code 12438;Delaware
ZIP Code 12439;Greene
ZIP Code 12440;Ulster
ZIP Code 12441;Ulster
ZIP Code 12442;Greene
ZIP Code 12443;Ulster
ZIP Code 12444;Greene
ZIP Code 12446;Ulster
ZIP Code 12448;Ulster
ZIP Code 12449;Ulster
ZIP Code 12450;Greene
ZIP Code 12451;Greene
ZIP Code 12452;Greene
ZIP Code 12453;Ulster
ZIP Code 12454;Greene
ZIP Code 12455;Delaware
ZIP Code 12456;Ulster
ZIP Code 12457;Ulster
ZIP Code 12458;Ulster
ZIP Code 12459;Delaware
ZIP Code 12460;Greene
ZIP Code 12461;Ulster
ZIP Code 12463;Greene
ZIP Code 12464;Ulster
ZIP Code 12465;Ulster
ZIP Code 12466;Ulster
ZIP Code 12468;Greene
ZIP Code 12469;Albany
ZIP Code 12470;Greene
ZIP Code 12471;Ulster
ZIP Code 12472;Ulster
ZIP Code 12473;Greene
ZIP Code 12474;Delaware
ZIP Code 12475;Ulster
ZIP Code 12477;Ulster
ZIP Code 12480;Ulster
ZIP Code 12481;Ulster
ZIP Code 12482;Greene
ZIP Code 12483;Ulster
ZIP Code 12484;Ulster
ZIP Code 12485;Greene
ZIP Code 12486;Ulster
ZIP Code 12487;Ulster
ZIP Code 12489;Ulster
ZIP Code 12490;Ulster
ZIP Code 12491;Ulster
ZIP Code 12492;Greene
ZIP Code 12493;Ulster
ZIP Code 12494;Ulster
ZIP Code 12495;Ulster
ZIP Code 12496;Greene
ZIP Code 12498;Ulster
ZIP Code 12501;Dutchess
ZIP Code 12502;Columbia
ZIP Code 12503;Columbia
ZIP Code 12504;Dutchess
ZIP Code 12506;Dutchess
ZIP Code 12507;Dutchess
ZIP Code 12508;Dutchess
ZIP Code 12510;Dutchess
ZIP Code 12511;Dutchess
ZIP Code 12512;Dutchess
ZIP Code 12513;Columbia
ZIP Code 12514;Dutchess
ZIP Code 12515;Ulster
ZIP Code 12516;Columbia
ZIP Code 12517;Columbia
ZIP Code 12518;Orange
ZIP Code 12520;Orange
ZIP Code 12521;Columbia
ZIP Code 12522;Dutchess
ZIP Code 12523;Columbia
ZIP Code 12524;Dutchess
ZIP Code 12525;Ulster
ZIP Code 12526;Columbia
ZIP Code 12527;Dutchess
ZIP Code 12528;Ulster
ZIP Code 12529;Columbia
ZIP Code 12530;Columbia
ZIP Code 12531;Dutchess
ZIP Code 12533;Dutchess
ZIP Code 12534;Columbia
ZIP Code 12537;Dutchess
ZIP Code 12538;Dutchess
ZIP Code 12540;Dutchess
ZIP Code 12541;Columbia
ZIP Code 12542;Ulster
ZIP Code 12543;Orange
ZIP Code 12544;Columbia
ZIP Code 12545;Dutchess
ZIP Code 12546;Dutchess
ZIP Code 12547;Ulster
ZIP Code 12548;Ulster
ZIP Code 12549;Orange
ZIP Code 12550;Orange
ZIP Code 12551;Orange
ZIP Code 12552;Orange
ZIP Code 12553;Orange
ZIP Code 12555;Orange
ZIP Code 12561;Ulster
ZIP Code 12563;Putnam
ZIP Code 12564;Dutchess
ZIP Code 12565;Columbia
ZIP Code 12566;Orange
ZIP Code 12567;Dutchess
ZIP Code 12568;Ulster
ZIP Code 12569;Dutchess
ZIP Code 12570;Dutchess
ZIP Code 12571;Dutchess
ZIP Code 12572;Dutchess
ZIP Code 12574;Dutchess
ZIP Code 12575;Orange
ZIP Code 12577;Orange
ZIP Code 12578;Dutchess
ZIP Code 12580;Dutchess
ZIP Code 12581;Dutchess
ZIP Code 12582;Dutchess
ZIP Code 12583;Dutchess
ZIP Code 12584;Orange
ZIP Code 12585;Dutchess
ZIP Code 12586;Orange
ZIP Code 12588;Ulster
ZIP Code 12589;Ulster
ZIP Code 12590;Dutchess
ZIP Code 12592;Dutchess
ZIP Code 12594;Dutchess
ZIP Code 12601;Dutchess
ZIP Code 12602;Dutchess
ZIP Code 12603;Dutchess
ZIP Code 12604;Dutchess
ZIP Code 12701;Sullivan
ZIP Code 12719;Sullivan
ZIP Code 12720;Sullivan
ZIP Code 12721;Sullivan
ZIP Code 12722;Sullivan
ZIP Code 12723;Sullivan
ZIP Code 12724;Sullivan
ZIP Code 12725;Sullivan
ZIP Code 12726;Sullivan
ZIP Code 12727;Sullivan
ZIP Code 12729;Orange
ZIP Code 12732;Sullivan
ZIP Code 12733;Sullivan
ZIP Code 12734;Sullivan
ZIP Code 12736;Sullivan
ZIP Code 12737;Sullivan
ZIP Code 12738;Sullivan
ZIP Code 12740;Sullivan
ZIP Code 12741;Sullivan
ZIP Code 12742;Sullivan
ZIP Code 12743;Sullivan
ZIP Code 12745;Sullivan
ZIP Code 12746;Orange
ZIP Code 12747;Sullivan
ZIP Code 12748;Sullivan
ZIP Code 12749;Sullivan
ZIP Code 12750;Sullivan
ZIP Code 12751;Sullivan
ZIP Code 12752;Sullivan
ZIP Code 12754;Sullivan
ZIP Code 12758;Sullivan
ZIP Code 12759;Sullivan
ZIP Code 12760;Sullivan
ZIP Code 12762;Sullivan
ZIP Code 12763;Sullivan
ZIP Code 12764;Sullivan
ZIP Code 12765;Sullivan
ZIP Code 12766;Sullivan
ZIP Code 12767;Sullivan
ZIP Code 12768;Sullivan
ZIP Code 12769;Sullivan
ZIP Code 12770;Sullivan
ZIP Code 12771;Orange
ZIP Code 12775;Sullivan
ZIP Code 12776;Sullivan
ZIP Code 12777;Sullivan
ZIP Code 12778;Sullivan
ZIP Code 12779;Sullivan
ZIP Code 12780;Orange
ZIP Code 12781;Sullivan
ZIP Code 12783;Sullivan
ZIP Code 12784;Sullivan
ZIP Code 12785;Sullivan
ZIP Code 12786;Sullivan
ZIP Code 12787;Sullivan
ZIP Code 12788;Sullivan
ZIP Code 12789;Sullivan
ZIP Code 12790;Sullivan
ZIP Code 12791;Sullivan
ZIP Code 12792;Sullivan
ZIP Code 12801;Warren
ZIP Code 12803;Saratoga
ZIP Code 12804;Warren
ZIP Code 12808;Warren
ZIP Code 12809;Washington
ZIP Code 12810;Warren
ZIP Code 12811;Warren
ZIP Code 12812;Hamilton
ZIP Code 12814;Warren
ZIP Code 12815;Warren
ZIP Code 12816;Washington
ZIP Code 12817;Warren
ZIP Code 12819;Washington
ZIP Code 12820;Warren
ZIP Code 12821;Washington
ZIP Code 12822;Saratoga
ZIP Code 12823;Washington
ZIP Code 12824;Warren
ZIP Code 12827;Washington
ZIP Code 12828;Washington
ZIP Code 12831;Saratoga
ZIP Code 12832;Washington
ZIP Code 12833;Saratoga
ZIP Code 12834;Washington
ZIP Code 12835;Saratoga
ZIP Code 12836;Warren
ZIP Code 12837;Washington
ZIP Code 12838;Washington
ZIP Code 12839;Washington
ZIP Code 12841;Washington
ZIP Code 12842;Hamilton
ZIP Code 12843;Warren
ZIP Code 12844;Warren
ZIP Code 12845;Warren
ZIP Code 12846;Warren
ZIP Code 12847;Hamilton
ZIP Code 12848;Washington
ZIP Code 12849;Washington
ZIP Code 12850;Saratoga
ZIP Code 12851;Essex
ZIP Code 12852;Essex
ZIP Code 12853;Warren
ZIP Code 12854;Washington
ZIP Code 12855;Essex
ZIP Code 12856;Warren
ZIP Code 12857;Essex
ZIP Code 12858;Essex
ZIP Code 12859;Saratoga
ZIP Code 12860;Warren
ZIP Code 12861;Washington
ZIP Code 12862;Warren
ZIP Code 12863;Saratoga
ZIP Code 12864;Hamilton
ZIP Code 12865;Washington
ZIP Code 12866;Saratoga
ZIP Code 12870;Essex
ZIP Code 12871;Saratoga
ZIP Code 12872;Essex
ZIP Code 12873;Washington
ZIP Code 12874;Warren
ZIP Code 12878;Warren
ZIP Code 12879;Essex
ZIP Code 12883;Essex
ZIP Code 12884;Saratoga
ZIP Code 12885;Warren
ZIP Code 12886;Warren
ZIP Code 12887;Washington
ZIP Code 12901;Clinton
ZIP Code 12903;Clinton
ZIP Code 12910;Clinton
ZIP Code 12911;Clinton
ZIP Code 12912;Clinton
ZIP Code 12913;Essex
ZIP Code 12914;Franklin
ZIP Code 12915;Franklin
ZIP Code 12916;Franklin
ZIP Code 12917;Franklin
ZIP Code 12918;Clinton
ZIP Code 12919;Clinton
ZIP Code 12920;Franklin
ZIP Code 12921;Clinton
ZIP Code 12922;Saint Lawrence
ZIP Code 12923;Clinton
ZIP Code 12924;Clinton
ZIP Code 12926;Franklin
ZIP Code 12927;Saint Lawrence
ZIP Code 12928;Essex
ZIP Code 12929;Clinton
ZIP Code 12930;Franklin
ZIP Code 12932;Essex
ZIP Code 12933;Clinton
ZIP Code 12934;Clinton
ZIP Code 12935;Clinton
ZIP Code 12936;Essex
ZIP Code 12937;Franklin
ZIP Code 12939;Franklin
ZIP Code 12941;Essex
ZIP Code 12942;Essex
ZIP Code 12943;Essex
ZIP Code 12944;Clinton
ZIP Code 12945;Franklin
ZIP Code 12946;Essex
ZIP Code 12949;Saint Lawrence
ZIP Code 12950;Essex
ZIP Code 12952;Clinton
ZIP Code 12953;Franklin
ZIP Code 12955;Clinton
ZIP Code 12956;Essex
ZIP Code 12957;Franklin
ZIP Code 12958;Clinton
ZIP Code 12959;Clinton
ZIP Code 12960;Essex
ZIP Code 12961;Essex
ZIP Code 12962;Clinton
ZIP Code 12964;Essex
ZIP Code 12965;Saint Lawrence
ZIP Code 12966;Franklin
ZIP Code 12967;Saint Lawrence
ZIP Code 12969;Franklin
ZIP Code 12970;Franklin
ZIP Code 12972;Clinton
ZIP Code 12973;Saint Lawrence
ZIP Code 12974;Essex
ZIP Code 12975;Essex
ZIP Code 12976;Franklin
ZIP Code 12977;Essex
ZIP Code 12978;Clinton
ZIP Code 12979;Clinton
ZIP Code 12980;Franklin
ZIP Code 12981;Clinton
ZIP Code 12983;Franklin
ZIP Code 12985;Clinton
ZIP Code 12986;Franklin
ZIP Code 12987;Essex
ZIP Code 12989;Franklin
ZIP Code 12992;Clinton
ZIP Code 12993;Essex
ZIP Code 12995;Franklin
ZIP Code 12996;Essex
ZIP Code 12997;Essex
ZIP Code 12998;Essex
ZIP Code 13020;Onondaga
ZIP Code 13021;Cayuga
ZIP Code 13022;Cayuga
ZIP Code 13024;Cayuga
ZIP Code 13026;Cayuga
ZIP Code 13027;Onondaga
ZIP Code 13028;Oswego
ZIP Code 13029;Onondaga
ZIP Code 13030;Onondaga
ZIP Code 13031;Onondaga
ZIP Code 13032;Madison
ZIP Code 13033;Cayuga
ZIP Code 13034;Cayuga
ZIP Code 13035;Madison
ZIP Code 13036;Oswego
ZIP Code 13037;Madison
ZIP Code 13039;Onondaga
ZIP Code 13040;Cortland
ZIP Code 13041;Onondaga
ZIP Code 13042;Oswego
ZIP Code 13043;Madison
ZIP Code 13044;Oswego
ZIP Code 13045;Cortland
ZIP Code 13051;Onondaga
ZIP Code 13052;Madison
ZIP Code 13053;Tompkins
ZIP Code 13054;Oneida
ZIP Code 13056;Cortland
ZIP Code 13057;Onondaga
ZIP Code 13060;Onondaga
ZIP Code 13061;Madison
ZIP Code 13062;Tompkins
ZIP Code 13063;Onondaga
ZIP Code 13064;Cayuga
ZIP Code 13065;Seneca
ZIP Code 13066;Onondaga
ZIP Code 13068;Tompkins
ZIP Code 13069;Oswego
ZIP Code 13071;Cayuga
ZIP Code 13072;Madison
ZIP Code 13073;Tompkins
ZIP Code 13074;Oswego
ZIP Code 13076;Oswego
ZIP Code 13077;Cortland
ZIP Code 13078;Onondaga
ZIP Code 13080;Onondaga
ZIP Code 13081;Cayuga
ZIP Code 13082;Onondaga
ZIP Code 13083;Oswego
ZIP Code 13084;Onondaga
ZIP Code 13087;Cortland
ZIP Code 13088;Onondaga
ZIP Code 13089;Onondaga
ZIP Code 13090;Onondaga
ZIP Code 13092;Cayuga
ZIP Code 13093;Oswego
ZIP Code 13101;Cortland
ZIP Code 13102;Tompkins
ZIP Code 13103;Oswego
ZIP Code 13104;Onondaga
ZIP Code 13107;Oswego
ZIP Code 13108;Onondaga
ZIP Code 13110;Onondaga
ZIP Code 13111;Cayuga
ZIP Code 13112;Onondaga
ZIP Code 13113;Cayuga
ZIP Code 13114;Oswego
ZIP Code 13115;Oswego
ZIP Code 13116;Onondaga
ZIP Code 13117;Cayuga
ZIP Code 13118;Cayuga
ZIP Code 13119;Onondaga
ZIP Code 13120;Onondaga
ZIP Code 13121;Oswego
ZIP Code 13122;Madison
ZIP Code 13123;Oneida
ZIP Code 13124;Chenango
ZIP Code 13126;Oswego
ZIP Code 13131;Oswego
ZIP Code 13132;Oswego
ZIP Code 13134;Madison
ZIP Code 13135;Oswego
ZIP Code 13136;Chenango
ZIP Code 13137;Onondaga
ZIP Code 13138;Onondaga
ZIP Code 13139;Cayuga
ZIP Code 13140;Cayuga
ZIP Code 13141;Cortland
ZIP Code 13142;Oswego
ZIP Code 13143;Wayne
ZIP Code 13144;Oswego
ZIP Code 13145;Oswego
ZIP Code 13146;Wayne
ZIP Code 13147;Cayuga
ZIP Code 13148;Seneca
ZIP Code 13152;Onondaga
ZIP Code 13153;Onondaga
ZIP Code 13154;Wayne
ZIP Code 13155;Chenango
ZIP Code 13156;Cayuga
ZIP Code 13157;Oneida
ZIP Code 13158;Cortland
ZIP Code 13159;Onondaga
ZIP Code 13160;Cayuga
ZIP Code 13162;Oneida
ZIP Code 13163;Madison
ZIP Code 13164;Onondaga
ZIP Code 13165;Seneca
ZIP Code 13166;Cayuga
ZIP Code 13167;Oswego
ZIP Code 13201;Onondaga
ZIP Code 13202;Onondaga
ZIP Code 13203;Onondaga
ZIP Code 13204;Onondaga
ZIP Code 13205;Onondaga
ZIP Code 13206;Onondaga
ZIP Code 13207;Onondaga
ZIP Code 13208;Onondaga
ZIP Code 13209;Onondaga
ZIP Code 13210;Onondaga
ZIP Code 13211;Onondaga
ZIP Code 13212;Onondaga
ZIP Code 13214;Onondaga
ZIP Code 13215;Onondaga
ZIP Code 13217;Onondaga
ZIP Code 13218;Onondaga
ZIP Code 13219;Onondaga
ZIP Code 13220;Onondaga
ZIP Code 13221;Onondaga
ZIP Code 13224;Onondaga
ZIP Code 13225;Onondaga
ZIP Code 13235;Onondaga
ZIP Code 13244;Onondaga
ZIP Code 13250;Onondaga
ZIP Code 13251;Onondaga
ZIP Code 13252;Onondaga
ZIP Code 13261;Onondaga
ZIP Code 13290;Onondaga
ZIP Code 13301;Oneida
ZIP Code 13302;Oswego
ZIP Code 13303;Oneida
ZIP Code 13304;Oneida
ZIP Code 13305;Lewis
ZIP Code 13308;Oneida
ZIP Code 13309;Oneida
ZIP Code 13310;Madison
ZIP Code 13312;Lewis
ZIP Code 13313;Oneida
ZIP Code 13314;Madison
ZIP Code 13315;Otsego
ZIP Code 13316;Oneida
ZIP Code 13317;Montgomery
ZIP Code 13318;Oneida
ZIP Code 13319;Oneida
ZIP Code 13320;Otsego
ZIP Code 13321;Oneida
ZIP Code 13322;Oneida
ZIP Code 13323;Oneida
ZIP Code 13324;Herkimer
ZIP Code 13325;Lewis
ZIP Code 13326;Otsego
ZIP Code 13327;Lewis
ZIP Code 13328;Oneida
ZIP Code 13329;Herkimer
ZIP Code 13331;Herkimer
ZIP Code 13332;Chenango
ZIP Code 13333;Otsego
ZIP Code 13334;Madison
ZIP Code 13335;Otsego
ZIP Code 13337;Otsego
ZIP Code 13338;Oneida
ZIP Code 13339;Montgomery
ZIP Code 13340;Herkimer
ZIP Code 13341;Oneida
ZIP Code 13342;Otsego
ZIP Code 13343;Lewis
ZIP Code 13345;Lewis
ZIP Code 13346;Madison
ZIP Code 13348;Otsego
ZIP Code 13350;Herkimer
ZIP Code 13352;Oneida
ZIP Code 13353;Hamilton
ZIP Code 13354;Oneida
ZIP Code 13355;Madison
ZIP Code 13357;Herkimer
ZIP Code 13360;Hamilton
ZIP Code 13361;Herkimer
ZIP Code 13362;Oneida
ZIP Code 13363;Oneida
ZIP Code 13364;Madison
ZIP Code 13365;Herkimer
ZIP Code 13367;Lewis
ZIP Code 13368;Lewis
ZIP Code 13401;Oneida
ZIP Code 13402;Madison
ZIP Code 13403;Oneida
ZIP Code 13404;Lewis
ZIP Code 13406;Herkimer
ZIP Code 13407;Herkimer
ZIP Code 13408;Madison
ZIP Code 13409;Madison
ZIP Code 13410;Montgomery
ZIP Code 13411;Chenango
ZIP Code 13413;Oneida
ZIP Code 13415;Otsego
ZIP Code 13416;Herkimer
ZIP Code 13417;Oneida
ZIP Code 13418;Madison
ZIP Code 13420;Herkimer
ZIP Code 13421;Madison
ZIP Code 13424;Oneida
ZIP Code 13425;Oneida
ZIP Code 13426;Oswego
ZIP Code 13428;Montgomery
ZIP Code 13431;Herkimer
ZIP Code 13433;Lewis
ZIP Code 13435;Oneida
ZIP Code 13436;Hamilton
ZIP Code 13437;Oswego
ZIP Code 13438;Oneida
ZIP Code 13439;Otsego
ZIP Code 13440;Oneida
ZIP Code 13441;Oneida
ZIP Code 13442;Oneida
ZIP Code 13449;Oneida
ZIP Code 13450;Otsego
ZIP Code 13452;Montgomery
ZIP Code 13454;Herkimer
ZIP Code 13455;Oneida
ZIP Code 13456;Oneida
ZIP Code 13457;Otsego
ZIP Code 13459;Schoharie
ZIP Code 13460;Chenango
ZIP Code 13461;Oneida
ZIP Code 13464;Chenango
ZIP Code 13465;Madison
ZIP Code 13468;Otsego
ZIP Code 13469;Oneida
ZIP Code 13470;Fulton
ZIP Code 13471;Oneida
ZIP Code 13472;Herkimer
ZIP Code 13473;Lewis
ZIP Code 13475;Herkimer
ZIP Code 13476;Oneida
ZIP Code 13477;Oneida
ZIP Code 13478;Oneida
ZIP Code 13479;Oneida
ZIP Code 13480;Oneida
ZIP Code 13482;Otsego
ZIP Code 13483;Oneida
ZIP Code 13484;Madison
ZIP Code 13485;Madison
ZIP Code 13486;Oneida
ZIP Code 13488;Otsego
ZIP Code 13489;Lewis
ZIP Code 13490;Oneida
ZIP Code 13491;Herkimer
ZIP Code 13492;Oneida
ZIP Code 13493;Oswego
ZIP Code 13494;Oneida
ZIP Code 13495;Oneida
ZIP Code 13501;Oneida
ZIP Code 13502;Oneida
ZIP Code 13503;Oneida
ZIP Code 13504;Oneida
ZIP Code 13505;Oneida
ZIP Code 13599;Oneida
ZIP Code 13601;Jefferson
ZIP Code 13602;Jefferson
ZIP Code 13603;Jefferson
ZIP Code 13605;Jefferson
ZIP Code 13606;Jefferson
ZIP Code 13607;Jefferson
ZIP Code 13608;Jefferson
ZIP Code 13611;Jefferson
ZIP Code 13612;Jefferson
ZIP Code 13613;Saint Lawrence
ZIP Code 13614;Saint Lawrence
ZIP Code 13615;Jefferson
ZIP Code 13616;Jefferson
ZIP Code 13617;Saint Lawrence
ZIP Code 13618;Jefferson
ZIP Code 13619;Jefferson
ZIP Code 13620;Lewis
ZIP Code 13621;Saint Lawrence
ZIP Code 13622;Jefferson
ZIP Code 13623;Saint Lawrence
ZIP Code 13624;Jefferson
ZIP Code 13625;Saint Lawrence
ZIP Code 13626;Lewis
ZIP Code 13627;Lewis
ZIP Code 13628;Jefferson
ZIP Code 13630;Saint Lawrence
ZIP Code 13631;Lewis
ZIP Code 13632;Jefferson
ZIP Code 13633;Saint Lawrence
ZIP Code 13634;Jefferson
ZIP Code 13635;Saint Lawrence
ZIP Code 13636;Jefferson
ZIP Code 13637;Jefferson
ZIP Code 13638;Jefferson
ZIP Code 13639;Saint Lawrence
ZIP Code 13640;Jefferson
ZIP Code 13641;Jefferson
ZIP Code 13642;Saint Lawrence
ZIP Code 13643;Jefferson
ZIP Code 13645;Saint Lawrence
ZIP Code 13646;Saint Lawrence
ZIP Code 13647;Saint Lawrence
ZIP Code 13648;Lewis
ZIP Code 13649;Saint Lawrence
ZIP Code 13650;Jefferson
ZIP Code 13651;Jefferson
ZIP Code 13652;Saint Lawrence
ZIP Code 13654;Saint Lawrence
ZIP Code 13655;Franklin
ZIP Code 13656;Jefferson
ZIP Code 13657;Jefferson
ZIP Code 13658;Saint Lawrence
ZIP Code 13659;Jefferson
ZIP Code 13660;Saint Lawrence
ZIP Code 13661;Jefferson
ZIP Code 13662;Saint Lawrence
ZIP Code 13664;Saint Lawrence
ZIP Code 13665;Jefferson
ZIP Code 13666;Saint Lawrence
ZIP Code 13667;Saint Lawrence
ZIP Code 13668;Saint Lawrence
ZIP Code 13669;Saint Lawrence
ZIP Code 13670;Saint Lawrence
ZIP Code 13671;Jefferson
ZIP Code 13672;Saint Lawrence
ZIP Code 13673;Jefferson
ZIP Code 13674;Jefferson
ZIP Code 13675;Jefferson
ZIP Code 13676;Saint Lawrence
ZIP Code 13677;Saint Lawrence
ZIP Code 13678;Saint Lawrence
ZIP Code 13679;Jefferson
ZIP Code 13680;Saint Lawrence
ZIP Code 13681;Saint Lawrence
ZIP Code 13682;Jefferson
ZIP Code 13683;Saint Lawrence
ZIP Code 13684;Saint Lawrence
ZIP Code 13685;Jefferson
ZIP Code 13687;Saint Lawrence
ZIP Code 13690;Saint Lawrence
ZIP Code 13691;Jefferson
ZIP Code 13692;Jefferson
ZIP Code 13693;Jefferson
ZIP Code 13694;Saint Lawrence
ZIP Code 13695;Saint Lawrence
ZIP Code 13696;Saint Lawrence
ZIP Code 13697;Saint Lawrence
ZIP Code 13699;Saint Lawrence
ZIP Code 13730;Chenango
ZIP Code 13731;Delaware
ZIP Code 13732;Tioga
ZIP Code 13733;Chenango
ZIP Code 13734;Tioga
ZIP Code 13736;Tioga
ZIP Code 13737;Broome
ZIP Code 13738;Cortland
ZIP Code 13739;Delaware
ZIP Code 13740;Delaware
ZIP Code 13743;Tioga
ZIP Code 13744;Broome
ZIP Code 13745;Broome
ZIP Code 13746;Broome
ZIP Code 13747;Otsego
ZIP Code 13748;Broome
ZIP Code 13749;Broome
ZIP Code 13750;Delaware
ZIP Code 13751;Delaware
ZIP Code 13752;Delaware
ZIP Code 13753;Delaware
ZIP Code 13754;Broome
ZIP Code 13755;Delaware
ZIP Code 13756;Delaware
ZIP Code 13757;Delaware
ZIP Code 13758;Chenango
ZIP Code 13760;Broome
ZIP Code 13761;Broome
ZIP Code 13762;Broome
ZIP Code 13763;Broome
ZIP Code 13774;Delaware
ZIP Code 13775;Delaware
ZIP Code 13776;Otsego
ZIP Code 13777;Broome
ZIP Code 13778;Chenango
ZIP Code 13780;Chenango
ZIP Code 13782;Delaware
ZIP Code 13783;Delaware
ZIP Code 13784;Cortland
ZIP Code 13786;Delaware
ZIP Code 13787;Broome
ZIP Code 13788;Delaware
ZIP Code 13790;Broome
ZIP Code 13794;Broome
ZIP Code 13795;Broome
ZIP Code 13796;Otsego
ZIP Code 13797;Broome
ZIP Code 13801;Chenango
ZIP Code 13802;Broome
ZIP Code 13803;Cortland
ZIP Code 13804;Delaware
ZIP Code 13806;Delaware
ZIP Code 13807;Otsego
ZIP Code 13808;Otsego
ZIP Code 13809;Chenango
ZIP Code 13810;Otsego
ZIP Code 13811;Tioga
ZIP Code 13812;Tioga
ZIP Code 13813;Broome
ZIP Code 13814;Chenango
ZIP Code 13815;Chenango
ZIP Code 13820;Otsego
ZIP Code 13825;Otsego
ZIP Code 13826;Broome
ZIP Code 13827;Tioga
ZIP Code 13830;Chenango
ZIP Code 13832;Chenango
ZIP Code 13833;Broome
ZIP Code 13834;Otsego
ZIP Code 13835;Tioga
ZIP Code 13838;Delaware
ZIP Code 13839;Delaware
ZIP Code 13840;Tioga
ZIP Code 13841;Chenango
ZIP Code 13842;Delaware
ZIP Code 13843;Chenango
ZIP Code 13844;Chenango
ZIP Code 13845;Tioga
ZIP Code 13846;Delaware
ZIP Code 13847;Delaware
ZIP Code 13848;Broome
ZIP Code 13849;Otsego
ZIP Code 13850;Broome
ZIP Code 13851;Broome
ZIP Code 13856;Delaware
ZIP Code 13859;Otsego
ZIP Code 13860;Delaware
ZIP Code 13861;Otsego
ZIP Code 13862;Broome
ZIP Code 13863;Cortland
ZIP Code 13864;Tioga
ZIP Code 13865;Broome
ZIP Code 13901;Broome
ZIP Code 13902;Broome
ZIP Code 13903;Broome
ZIP Code 13904;Broome
ZIP Code 13905;Broome
ZIP Code 14001;Erie
ZIP Code 14004;Erie
ZIP Code 14005;Genesee
ZIP Code 14006;Erie
ZIP Code 14008;Niagara
ZIP Code 14009;Wyoming
ZIP Code 14010;Erie
ZIP Code 14011;Wyoming
ZIP Code 14012;Niagara
ZIP Code 14013;Genesee
ZIP Code 14020;Genesee
ZIP Code 14021;Genesee
ZIP Code 14024;Wyoming
ZIP Code 14025;Erie
ZIP Code 14026;Erie
ZIP Code 14027;Erie
ZIP Code 14028;Niagara
ZIP Code 14029;Allegany
ZIP Code 14030;Erie
ZIP Code 14031;Erie
ZIP Code 14032;Erie
ZIP Code 14033;Erie
ZIP Code 14034;Erie
ZIP Code 14035;Erie
ZIP Code 14036;Genesee
ZIP Code 14037;Wyoming
ZIP Code 14038;Erie
ZIP Code 14039;Wyoming
ZIP Code 14040;Genesee
ZIP Code 14041;Cattaraugus
ZIP Code 14042;Cattaraugus
ZIP Code 14043;Erie
ZIP Code 14047;Erie
ZIP Code 14048;Chautauqua
ZIP Code 14051;Erie
ZIP Code 14052;Erie
ZIP Code 14054;Genesee
ZIP Code 14055;Erie
ZIP Code 14056;Genesee
ZIP Code 14057;Erie
ZIP Code 14058;Genesee
ZIP Code 14059;Erie
ZIP Code 14060;Cattaraugus
ZIP Code 14061;Erie
ZIP Code 14062;Chautauqua
ZIP Code 14063;Chautauqua
ZIP Code 14065;Cattaraugus
ZIP Code 14066;Wyoming
ZIP Code 14067;Niagara
ZIP Code 14068;Erie
ZIP Code 14069;Erie
ZIP Code 14070;Cattaraugus
ZIP Code 14072;Erie
ZIP Code 14075;Erie
ZIP Code 14080;Erie
ZIP Code 14081;Chautauqua
ZIP Code 14082;Wyoming
ZIP Code 14083;Wyoming
ZIP Code 14085;Erie
ZIP Code 14086;Erie
ZIP Code 14091;Erie
ZIP Code 14092;Niagara
ZIP Code 14094;Niagara
ZIP Code 14095;Niagara
ZIP Code 14098;Orleans
ZIP Code 14101;Cattaraugus
ZIP Code 14102;Erie
ZIP Code 14103;Orleans
ZIP Code 14105;Niagara
ZIP Code 14107;Niagara
ZIP Code 14108;Niagara
ZIP Code 14109;Niagara
ZIP Code 14110;Erie
ZIP Code 14111;Erie
ZIP Code 14112;Erie
ZIP Code 14113;Wyoming
ZIP Code 14120;Niagara
ZIP Code 14125;Genesee
ZIP Code 14126;Niagara
ZIP Code 14127;Erie
ZIP Code 14129;Cattaraugus
ZIP Code 14130;Wyoming
ZIP Code 14131;Niagara
ZIP Code 14132;Niagara
ZIP Code 14133;Cattaraugus
ZIP Code 14134;Erie
ZIP Code 14135;Chautauqua
ZIP Code 14136;Chautauqua
ZIP Code 14138;Cattaraugus
ZIP Code 14139;Erie
ZIP Code 14140;Erie
ZIP Code 14141;Erie
ZIP Code 14143;Genesee
ZIP Code 14144;Niagara
ZIP Code 14145;Wyoming
ZIP Code 14150;Erie
ZIP Code 14151;Erie
ZIP Code 14166;Chautauqua
ZIP Code 14167;Wyoming
ZIP Code 14168;Cattaraugus
ZIP Code 14169;Erie
ZIP Code 14170;Erie
ZIP Code 14171;Cattaraugus
ZIP Code 14172;Niagara
ZIP Code 14173;Cattaraugus
ZIP Code 14174;Niagara
ZIP Code 14201;Erie
ZIP Code 14202;Erie
ZIP Code 14203;Erie
ZIP Code 14204;Erie
ZIP Code 14205;Erie
ZIP Code 14206;Erie
ZIP Code 14207;Erie
ZIP Code 14208;Erie
ZIP Code 14209;Erie
ZIP Code 14210;Erie
ZIP Code 14211;Erie
ZIP Code 14212;Erie
ZIP Code 14213;Erie
ZIP Code 14214;Erie
ZIP Code 14215;Erie
ZIP Code 14216;Erie
ZIP Code 14217;Erie
ZIP Code 14218;Erie
ZIP Code 14219;Erie
ZIP Code 14220;Erie
ZIP Code 14221;Erie
ZIP Code 14222;Erie
ZIP Code 14223;Erie
ZIP Code 14224;Erie
ZIP Code 14225;Erie
ZIP Code 14226;Erie
ZIP Code 14227;Erie
ZIP Code 14228;Erie
ZIP Code 14231;Erie
ZIP Code 14233;Erie
ZIP Code 14240;Erie
ZIP Code 14241;Erie
ZIP Code 14260;Erie
ZIP Code 14261;Erie
ZIP Code 14263;Erie
ZIP Code 14264;Erie
ZIP Code 14265;Erie
ZIP Code 14267;Erie
ZIP Code 14269;Erie
ZIP Code 14270;Erie
ZIP Code 14272;Erie
ZIP Code 14273;Erie
ZIP Code 14276;Erie
ZIP Code 14280;Erie
ZIP Code 14301;Niagara
ZIP Code 14302;Niagara
ZIP Code 14303;Niagara
ZIP Code 14304;Niagara
ZIP Code 14305;Niagara
ZIP Code 14410;Monroe
ZIP Code 14411;Orleans
ZIP Code 14413;Wayne
ZIP Code 14414;Livingston
ZIP Code 14415;Yates
ZIP Code 14416;Genesee
ZIP Code 14418;Yates
ZIP Code 14420;Monroe
ZIP Code 14422;Genesee
ZIP Code 14423;Livingston
ZIP Code 14424;Ontario
ZIP Code 14425;Ontario
ZIP Code 14427;Wyoming
ZIP Code 14428;Monroe
ZIP Code 14429;Orleans
ZIP Code 14430;Monroe
ZIP Code 14432;Ontario
ZIP Code 14433;Wayne
ZIP Code 14435;Livingston
ZIP Code 14437;Livingston
ZIP Code 14441;Yates
ZIP Code 14443;Ontario
ZIP Code 14445;Monroe
ZIP Code 14449;Wayne
ZIP Code 14450;Monroe
ZIP Code 14452;Orleans
ZIP Code 14453;Ontario
ZIP Code 14454;Livingston
ZIP Code 14456;Ontario
ZIP Code 14461;Ontario
ZIP Code 14462;Livingston
ZIP Code 14463;Ontario
ZIP Code 14464;Monroe
ZIP Code 14466;Livingston
ZIP Code 14467;Monroe
ZIP Code 14468;Monroe
ZIP Code 14469;Ontario
ZIP Code 14470;Orleans
ZIP Code 14471;Ontario
ZIP Code 14472;Monroe
ZIP Code 14475;Ontario
ZIP Code 14476;Orleans
ZIP Code 14477;Orleans
ZIP Code 14478;Yates
ZIP Code 14479;Orleans
ZIP Code 14480;Livingston
ZIP Code 14481;Livingston
ZIP Code 14482;Genesee
ZIP Code 14485;Livingston
ZIP Code 14486;Livingston
ZIP Code 14487;Livingston
ZIP Code 14488;Livingston
ZIP Code 14489;Wayne
ZIP Code 14502;Wayne
ZIP Code 14504;Ontario
ZIP Code 14505;Wayne
ZIP Code 14506;Monroe
ZIP Code 14507;Yates
ZIP Code 14508;Monroe
ZIP Code 14510;Livingston
ZIP Code 14511;Monroe
ZIP Code 14512;Ontario
ZIP Code 14513;Wayne
ZIP Code 14514;Monroe
ZIP Code 14515;Monroe
ZIP Code 14516;Wayne
ZIP Code 14517;Livingston
ZIP Code 14518;Ontario
ZIP Code 14519;Wayne
ZIP Code 14520;Wayne
ZIP Code 14521;Seneca
ZIP Code 14522;Wayne
ZIP Code 14525;Genesee
ZIP Code 14526;Monroe
ZIP Code 14527;Yates
ZIP Code 14529;Steuben
ZIP Code 14530;Wyoming
ZIP Code 14532;Ontario
ZIP Code 14533;Livingston
ZIP Code 14534;Monroe
ZIP Code 14536;Wyoming
ZIP Code 14537;Ontario
ZIP Code 14538;Wayne
ZIP Code 14539;Livingston
ZIP Code 14541;Seneca
ZIP Code 14542;Wayne
ZIP Code 14543;Monroe
ZIP Code 14544;Yates
ZIP Code 14545;Livingston
ZIP Code 14546;Monroe
ZIP Code 14547;Ontario
ZIP Code 14548;Ontario
ZIP Code 14549;Wyoming
ZIP Code 14550;Wyoming
ZIP Code 14551;Wayne
ZIP Code 14555;Wayne
ZIP Code 14556;Livingston
ZIP Code 14557;Genesee
ZIP Code 14558;Livingston
ZIP Code 14559;Monroe
ZIP Code 14560;Livingston
ZIP Code 14561;Ontario
ZIP Code 14563;Wayne
ZIP Code 14564;Ontario
ZIP Code 14568;Wayne
ZIP Code 14569;Wyoming
ZIP Code 14571;Orleans
ZIP Code 14572;Steuben
ZIP Code 14580;Monroe
ZIP Code 14585;Ontario
ZIP Code 14586;Monroe
ZIP Code 14588;Seneca
ZIP Code 14589;Wayne
ZIP Code 14590;Wayne
ZIP Code 14591;Wyoming
ZIP Code 14592;Livingston
ZIP Code 14602;Monroe
ZIP Code 14603;Monroe
ZIP Code 14604;Monroe
ZIP Code 14605;Monroe
ZIP Code 14606;Monroe
ZIP Code 14607;Monroe
ZIP Code 14608;Monroe
ZIP Code 14609;Monroe
ZIP Code 14610;Monroe
ZIP Code 14611;Monroe
ZIP Code 14612;Monroe
ZIP Code 14613;Monroe
ZIP Code 14614;Monroe
ZIP Code 14615;Monroe
ZIP Code 14616;Monroe
ZIP Code 14617;Monroe
ZIP Code 14618;Monroe
ZIP Code 14619;Monroe
ZIP Code 14620;Monroe
ZIP Code 14621;Monroe
ZIP Code 14622;Monroe
ZIP Code 14623;Monroe
ZIP Code 14624;Monroe
ZIP Code 14625;Monroe
ZIP Code 14626;Monroe
ZIP Code 14627;Monroe
ZIP Code 14638;Monroe
ZIP Code 14639;Monroe
ZIP Code 14642;Monroe
ZIP Code 14643;Monroe
ZIP Code 14644;Monroe
ZIP Code 14646;Monroe
ZIP Code 14647;Monroe
ZIP Code 14649;Monroe
ZIP Code 14650;Monroe
ZIP Code 14651;Monroe
ZIP Code 14652;Monroe
ZIP Code 14653;Monroe
ZIP Code 14692;Monroe
ZIP Code 14694;Monroe
ZIP Code 14701;Chautauqua
ZIP Code 14702;Chautauqua
ZIP Code 14706;Cattaraugus
ZIP Code 14707;Allegany
ZIP Code 14708;Allegany
ZIP Code 14709;Allegany
ZIP Code 14710;Chautauqua
ZIP Code 14711;Allegany
ZIP Code 14712;Chautauqua
ZIP Code 14714;Allegany
ZIP Code 14715;Allegany
ZIP Code 14716;Chautauqua
ZIP Code 14717;Allegany
ZIP Code 14718;Chautauqua
ZIP Code 14719;Cattaraugus
ZIP Code 14720;Chautauqua
ZIP Code 14721;Allegany
ZIP Code 14722;Chautauqua
ZIP Code 14723;Chautauqua
ZIP Code 14724;Chautauqua
ZIP Code 14726;Cattaraugus
ZIP Code 14727;Allegany
ZIP Code 14728;Chautauqua
ZIP Code 14729;Cattaraugus
ZIP Code 14730;Cattaraugus
ZIP Code 14731;Cattaraugus
ZIP Code 14732;Chautauqua
ZIP Code 14733;Chautauqua
ZIP Code 14735;Allegany
ZIP Code 14736;Chautauqua
ZIP Code 14737;Cattaraugus
ZIP Code 14738;Chautauqua
ZIP Code 14739;Allegany
ZIP Code 14740;Chautauqua
ZIP Code 14741;Cattaraugus
ZIP Code 14742;Chautauqua
ZIP Code 14743;Cattaraugus
ZIP Code 14744;Allegany
ZIP Code 14745;Allegany
ZIP Code 14747;Chautauqua
ZIP Code 14748;Cattaraugus
ZIP Code 14750;Chautauqua
ZIP Code 14751;Cattaraugus
ZIP Code 14752;Chautauqua
ZIP Code 14753;Cattaraugus
ZIP Code 14754;Allegany
ZIP Code 14755;Cattaraugus
ZIP Code 14756;Chautauqua
ZIP Code 14757;Chautauqua
ZIP Code 14758;Chautauqua
ZIP Code 14760;Cattaraugus
ZIP Code 14766;Cattaraugus
ZIP Code 14767;Chautauqua
ZIP Code 14769;Chautauqua
ZIP Code 14770;Cattaraugus
ZIP Code 14772;Cattaraugus
ZIP Code 14774;Allegany
ZIP Code 14775;Chautauqua
ZIP Code 14777;Allegany
ZIP Code 14778;Cattaraugus
ZIP Code 14779;Cattaraugus
ZIP Code 14781;Chautauqua
ZIP Code 14782;Chautauqua
ZIP Code 14783;Cattaraugus
ZIP Code 14784;Chautauqua
ZIP Code 14785;Chautauqua
ZIP Code 14786;Allegany
ZIP Code 14787;Chautauqua
ZIP Code 14788;Cattaraugus
ZIP Code 14801;Steuben
ZIP Code 14802;Allegany
ZIP Code 14803;Allegany
ZIP Code 14804;Allegany
ZIP Code 14805;Schuyler
ZIP Code 14806;Allegany
ZIP Code 14807;Steuben
ZIP Code 14808;Steuben
ZIP Code 14809;Steuben
ZIP Code 14810;Steuben
ZIP Code 14812;Schuyler
ZIP Code 14813;Allegany
ZIP Code 14814;Chemung
ZIP Code 14815;Schuyler
ZIP Code 14816;Chemung
ZIP Code 14817;Tompkins
ZIP Code 14818;Schuyler
ZIP Code 14819;Steuben
ZIP Code 14820;Steuben
ZIP Code 14821;Steuben
ZIP Code 14822;Allegany
ZIP Code 14823;Steuben
ZIP Code 14824;Schuyler
ZIP Code 14825;Chemung
ZIP Code 14826;Steuben
ZIP Code 14827;Steuben
ZIP Code 14830;Steuben
ZIP Code 14831;Steuben
ZIP Code 14836;Livingston
ZIP Code 14837;Yates
ZIP Code 14838;Chemung
ZIP Code 14839;Steuben
ZIP Code 14840;Steuben
ZIP Code 14841;Schuyler
ZIP Code 14842;Yates
ZIP Code 14843;Steuben
ZIP Code 14845;Chemung
ZIP Code 14846;Livingston
ZIP Code 14847;Seneca
ZIP Code 14850;Tompkins
ZIP Code 14851;Tompkins
ZIP Code 14852;Tompkins
ZIP Code 14853;Tompkins
ZIP Code 14854;Tompkins
ZIP Code 14855;Steuben
ZIP Code 14856;Steuben
ZIP Code 14857;Yates
ZIP Code 14858;Steuben
ZIP Code 14859;Tioga
ZIP Code 14860;Seneca
ZIP Code 14861;Chemung
ZIP Code 14863;Schuyler
ZIP Code 14864;Chemung
ZIP Code 14865;Schuyler
ZIP Code 14867;Tompkins
ZIP Code 14869;Schuyler
ZIP Code 14870;Steuben
ZIP Code 14871;Chemung
ZIP Code 14872;Chemung
ZIP Code 14873;Steuben
ZIP Code 14874;Steuben
ZIP Code 14876;Schuyler
ZIP Code 14877;Steuben
ZIP Code 14878;Schuyler
ZIP Code 14879;Steuben
ZIP Code 14880;Allegany
ZIP Code 14881;Tompkins
ZIP Code 14882;Tompkins
ZIP Code 14883;Tioga
ZIP Code 14884;Allegany
ZIP Code 14885;Steuben
ZIP Code 14886;Tompkins
ZIP Code 14887;Schuyler
ZIP Code 14889;Chemung
ZIP Code 14891;Schuyler
ZIP Code 14892;Tioga
ZIP Code 14893;Schuyler
ZIP Code 14894;Chemung
ZIP Code 14895;Allegany
ZIP Code 14897;Allegany
ZIP Code 14898;Steuben
ZIP Code 14901;Chemung
ZIP Code 14902;Chemung
ZIP Code 14903;Chemung
ZIP Code 14904;Chemung
ZIP Code 14905;Chemung
